{"nodes":{"node:1":{"location":{"x":25,"y":9}},"node:4":{"location":{"x":180,"y":41}}},"selection":null,"view":{"scroll":{"x":-28.9193344116210938,"y":-84.7301864624023438},"visible_rect":{"max":{"x":331.319854736328125,"y":163.586654663085938},"min":{"x":-5.31988954544067383,"y":-15.5866384506225586}},"zoom":5.43607807159423828}}