{"nodes":{"node:1":{"location":{"x":268,"y":185}}},"selection":["node:1"],"view":{"scroll":{"x":-0.0841575264930725098,"y":-0.0447998046875},"visible_rect":{"max":{"x":1424.084228515625,"y":758.04486083984375},"min":{"x":-0.08416748046875,"y":-0.0448051020503044128}},"zoom":0.999881744384765625}}