{"nodes":{"node:1":{"location":{"x":73,"y":153}},"node:10":{"location":{"x":841,"y":537}},"node:4":{"location":{"x":561,"y":57}},"node:7":{"location":{"x":879,"y":169}}},"selection":null,"view":{"scroll":{"x":-0.108151875436306,"y":-0},"visible_rect":{"max":{"x":1424.084228515625,"y":758.00006103515625},"min":{"x":-0.08416748046875,"y":-0}},"zoom":1.28496038913726807}}